id,first_name,last_name,grade_name
1,Roland,Willarton,
2,Gran,Aspray,
3,Worden,Di Angelo,
4,Adriaens,Gurnell,
5,Florencia,McVittie,
6,Willabella,Jencken,
7,Joli,Gosby,
8,Penn,Braz,
9,Hedwiga,Heffer,
10,Kary,Baroux,
11,Kristin,Gammack,
12,Pavel,Guiden,
13,Cassandra,MacCulloch,
14,Zorine,Gwillym,
15,Gerda,Jamison,
16,Way,Goulborne,
17,Mal,Habeshaw,
18,Kippie,Jess,
19,Gilly,Clementi,
20,Leonie,Judge,
21,Faydra,Iveson,
22,Julianna,Chapelhow,
23,Gallagher,Trippack,2D
24,Sharleen,Kirwood,
25,Lynett,Letessier,
26,Hanni,Gye,
27,Jessy,De Castri,
28,Lisle,Hussy,
29,Kelcy,De Hailes,
30,Rudolph,Caitlin,
31,Dorelia,Gouldeby,
32,Daryle,Beekman,
33,Melantha,Kliesl,
34,Aeriell,Tull,
35,Kevon,Fantham,
36,Fanchette,Jaskiewicz,
37,Nigel,Crucitti,
38,Selia,Casseldine,
39,Vince,Reedshaw,
40,Patti,Leeke,
41,Fonsie,Sharram,
42,Haskell,Rogister,
43,Murielle,Petrou,
44,Yurik,Grisard,
45,Gussi,Cowhig,
46,Courtney,Symmers,
47,Cammi,Dict,
48,Moises,Hayers,12D
49,Emmalynne,Showers,12D
50,Kandy,Imesson,
51,Clo,Extal,
52,Ailsun,Leifer,
53,Renelle,Mathias,
54,Worden,Holdworth,
55,Brunhilde,Mowle,
56,Margarete,Behnen,
57,Kylila,Nigh,2A
58,Denyse,Benedict,3A
59,Ann,Chessun,
60,Adan,Chesman,
61,Karlotte,Phillipson,
62,Arch,Scrimgeour,
63,Jillana,Ricardot,
64,Annecorinne,Di Biaggi,12A
65,Nichols,Heisler,
66,Lionel,Goundrill,
67,Jerrie,Santore,
68,Randolf,Salzburger,9C
69,Dix,Rennles,
70,Quentin,Brellin,
71,Chevy,Nolli,
72,Ibbie,Slessor,
73,Nye,Scougal,
74,Keane,Cropper,
75,Standford,Garford,
76,Katine,Toone,
77,Joni,Dreakin,
78,Janessa,Troth,
79,Husain,Beckers,
80,Daniel,McCunn,
81,Keely,Burstow,9E
82,Allyn,Harby,3B
83,Tessa,Carp,
84,Queenie,Tuberfield,
85,Paddie,Devo,
86,Hanni,Clemas,
87,Abra,Galfour,
88,Taddeusz,Castilla,
89,Timothea,Crocken,
90,Lavina,Wilgar,
91,Luce,Stolli,11A
92,Babita,Barby,
93,Deny,Baish,
94,Dinnie,Gerrard,
95,Jessalin,Sampey,9B
96,Thadeus,Tomsa,
97,Marina,Zanetello,
98,Winthrop,Tythe,
99,Woodman,Seydlitz,
100,Kittie,Palfrie,
101,Friederike,Carayol,
102,Lyndsay,Climar,
103,Raff,Mothersdale,
104,Susanne,Bolin,
105,Devi,Spadaro,9A
106,Marcella,Crossgrove,
107,Maudie,Chinnery,12A
108,Ennis,Smitheram,
109,Holly,Gehring,
110,Jolee,Virgin,
111,Meir,Gentner,
112,Mata,Cruickshanks,
113,Arlena,Beauchop,
114,Elvis,Tribe,
115,Jacki,Passman,
116,Ashlee,Kytley,
117,Lodovico,Lowman,
118,Ursola,Sowrey,
119,Derril,Brickwood,
120,Carlina,Pettisall,
121,Tracie,Ovell,
122,Heinrik,Rushford,
123,Reid,Driuzzi,
124,Justin,Gibke,6A
125,Joshia,Braime,
126,Launce,Gildea,
127,Kristen,Vassay,
128,Everett,Campana,
129,Fannie,Agerskow,
130,Donalt,McCafferky,
131,Lonnard,Cars,
132,Garv,Wethered,
133,Lazar,Hallgate,
134,Rey,Zute,
135,Forster,Charlin,
136,Selby,Drake,
137,Jocelin,Langham,
138,Mellisa,Van der Kruijs,
139,Donall,Garforth,
140,Sloane,Penchen,
141,Ferne,Kilbourn,
142,Sephira,Wrathmall,
143,Lilian,Kleinert,
144,Jerad,Lean,
145,Wyatt,Thonger,
146,Alexine,Shutte,
147,Armin,Ragot,
148,Pierson,Dellit,
149,Riannon,Laybourn,
150,Deeanne,Walford,
